customer_id,tenure_months,monthly_charges,support_tickets,contract,region,churned
C00000,7,101.2,3,month-to-month,west,1
C00001,55,63.69,3,two-year,east,0
C00002,47,79.09,2,two-year,north,0
C00003,32,15.0,0,one-year,east,0
C00004,31,41.09,0,two-year,south,0
C00005,61,62.66,0,two-year,west,0
C00006,7,43.2,0,month-to-month,east,1
C00007,50,87.86,3,one-year,south,0
C00008,15,119.93,1,month-to-month,east,0
C00009,7,40.58,1,one-year,east,0
C00010,38,49.06,1,month-to-month,east,1
C00011,70,75.89,2,month-to-month,south,0
C00012,53,110.28,1,month-to-month,east,0
C00013,55,39.44,4,two-year,north,0
C00014,51,76.23,1,month-to-month,south,0
C00015,56,115.53,1,month-to-month,south,1
C00016,37,28.71,6,month-to-month,east,1
C00017,10,37.97,2,month-to-month,west,1
C00018,60,59.41,5,two-year,west,1
C00019,32,56.99,1,one-year,south,0
C00020,36,90.32,2,month-to-month,east,1
C00021,27,76.04,2,month-to-month,north,1
C00022,13,25.63,1,month-to-month,south,1
C00023,66,82.89,0,month-to-month,east,0
C00024,56,55.56,2,two-year,east,0
C00025,46,101.86,2,one-year,west,1
C00026,29,54.31,1,month-to-month,south,0
C00027,59,54.08,1,one-year,west,0
C00028,39,83.53,0,month-to-month,west,1
C00029,32,89.07,0,one-year,east,1
C00030,32,81.2,1,month-to-month,north,0
C00031,17,27.86,1,one-year,south,0
C00032,7,83.45,2,month-to-month,west,1
C00033,40,44.14,0,two-year,east,0
C00034,64,75.88,2,month-to-month,west,0
C00035,5,34.41,0,month-to-month,west,1
C00036,61,81.16,2,month-to-month,north,0
C00037,59,49.84,0,month-to-month,west,0
C00038,20,37.93,4,month-to-month,south,1
C00039,45,87.85,1,one-year,west,0
C00040,12,76.04,1,one-year,east,0
C00041,54,54.65,0,month-to-month,south,0
C00042,50,106.28,2,one-year,north,1
C00043,26,58.98,2,one-year,north,0
C00044,5,70.8,3,month-to-month,east,1
C00045,69,76.72,2,month-to-month,east,0
C00046,32,54.51,0,month-to-month,east,0
C00047,64,81.78,1,month-to-month,north,0
C00048,49,56.66,1,one-year,east,0
C00049,56,59.71,2,two-year,north,0
C00050,54,104.07,1,one-year,north,0
C00051,14,43.99,2,month-to-month,south,1
C00052,26,15.0,5,one-year,east,0
C00053,34,110.27,3,one-year,east,0
C00054,36,133.73,1,month-to-month,west,0
C00055,4,59.87,1,two-year,west,1
C00056,39,21.58,3,month-to-month,south,1
C00057,11,62.24,2,month-to-month,west,1
C00058,53,62.84,1,month-to-month,north,0
C00059,49,65.25,0,month-to-month,west,0
C00060,66,42.17,3,two-year,south,1
C00061,53,84.49,3,month-to-month,west,0
C00062,27,83.11,2,month-to-month,west,1
C00063,69,32.64,2,month-to-month,east,0
C00064,30,87.48,0,month-to-month,west,0
C00065,24,121.32,2,month-to-month,north,1
C00066,65,74.3,2,month-to-month,north,1
C00067,27,61.57,2,one-year,east,1
C00068,6,66.45,4,month-to-month,east,0
C00069,34,85.38,2,one-year,north,0
C00070,57,26.73,0,month-to-month,east,0
C00071,14,74.11,1,one-year,north,0
C00072,33,60.24,1,two-year,west,0
C00073,10,116.2,1,month-to-month,north,1
C00074,49,65.65,1,month-to-month,south,0
C00075,34,111.7,0,two-year,west,0
C00076,24,42.41,2,month-to-month,east,0
C00077,17,84.68,0,one-year,east,0
C00078,41,77.99,0,month-to-month,east,0
C00079,48,48.27,1,month-to-month,west,0
C00080,67,74.43,2,month-to-month,south,0
C00081,32,100.31,2,two-year,west,0
C00082,12,61.91,1,month-to-month,east,1
C00083,60,27.7,1,one-year,west,0
C00084,45,69.56,2,one-year,east,0
C00085,50,47.44,2,month-to-month,north,0
C00086,7,61.44,4,month-to-month,east,1
C00087,23,67.96,2,month-to-month,west,1
C00088,55,27.36,2,month-to-month,north,1
C00089,60,29.61,2,one-year,west,0
C00090,31,82.05,2,month-to-month,north,1
C00091,58,56.93,0,month-to-month,west,0
C00092,60,15.0,0,one-year,west,0
C00093,28,89.62,2,one-year,north,0
C00094,64,76.81,0,month-to-month,east,0
C00095,21,52.15,2,one-year,north,1
C00096,18,37.08,2,month-to-month,east,1
C00097,49,90.9,2,one-year,west,0
C00098,46,78.73,2,month-to-month,north,1
C00099,10,129.57,1,month-to-month,north,1
C00100,60,80.5,1,month-to-month,south,0
C00101,15,79.69,1,one-year,south,0
C00102,58,65.83,1,one-year,north,0
C00103,1,90.42,1,month-to-month,south,0
C00104,57,85.63,1,two-year,south,0
C00105,56,101.29,2,two-year,north,0
C00106,56,56.97,2,month-to-month,south,0
C00107,48,59.11,2,one-year,north,0
C00108,34,58.02,1,month-to-month,west,0
C00109,51,89.77,1,two-year,west,0
C00110,20,107.46,0,month-to-month,south,1
C00111,56,58.53,6,month-to-month,west,1
C00112,40,59.38,0,month-to-month,south,0
C00113,33,77.85,2,month-to-month,west,0
C00114,36,63.86,1,one-year,north,0
C00115,41,93.8,2,month-to-month,south,1
C00116,3,15.0,0,month-to-month,east,1
C00117,10,49.33,1,month-to-month,north,1
C00118,18,50.44,0,two-year,west,0
C00119,9,15.0,1,one-year,south,0
C00120,32,45.91,1,month-to-month,south,1
C00121,48,47.12,1,month-to-month,south,0
C00122,47,64.97,0,month-to-month,west,0
C00123,34,97.82,0,two-year,north,1
C00124,61,63.87,0,one-year,west,0
C00125,41,44.23,4,one-year,west,0
C00126,6,68.58,2,two-year,west,1
C00127,55,96.23,4,month-to-month,west,1
C00128,41,45.6,2,one-year,west,0
C00129,46,47.24,2,month-to-month,east,1
C00130,41,83.96,1,month-to-month,south,1
C00131,40,64.46,4,month-to-month,south,0
C00132,7,86.19,1,month-to-month,west,1
C00133,40,69.66,0,two-year,south,0
C00134,57,87.54,1,month-to-month,east,0
C00135,22,44.12,1,two-year,north,0
C00136,43,69.7,2,one-year,south,0
C00137,3,64.73,1,one-year,south,0
C00138,25,39.6,1,two-year,south,0
C00139,32,30.91,1,month-to-month,east,0
C00140,70,87.14,0,month-to-month,east,0
C00141,16,61.23,1,month-to-month,south,1
C00142,20,44.44,2,month-to-month,north,1
C00143,30,67.6,4,two-year,east,1
C00144,71,98.2,1,month-to-month,north,0
C00145,61,15.0,2,month-to-month,west,0
C00146,3,32.58,1,month-to-month,west,1
C00147,17,46.93,2,month-to-month,north,1
C00148,59,106.53,2,one-year,south,0
C00149,5,77.06,1,month-to-month,north,1
C00150,61,89.18,1,one-year,south,0
C00151,20,41.5,2,one-year,north,0
C00152,66,42.01,1,one-year,west,0
C00153,21,81.2,2,month-to-month,north,0
C00154,31,71.46,0,one-year,east,1
C00155,47,83.72,3,month-to-month,east,0
C00156,9,65.31,1,month-to-month,north,1
C00157,40,76.95,0,one-year,west,0
C00158,36,73.95,3,one-year,north,0
C00159,56,89.44,1,month-to-month,west,0
C00160,71,90.18,0,two-year,east,0
C00161,48,29.5,2,month-to-month,east,0
C00162,30,15.0,0,one-year,west,1
C00163,29,95.04,0,two-year,south,1
C00164,30,99.69,1,month-to-month,south,1
C00165,58,44.48,1,two-year,north,0
C00166,23,23.5,3,one-year,west,0
C00167,12,72.48,1,one-year,south,0
C00168,24,93.27,1,one-year,west,0
C00169,2,114.94,0,one-year,south,0
C00170,8,82.91,1,month-to-month,west,1
C00171,7,60.71,1,one-year,west,1
C00172,55,47.67,1,month-to-month,south,0
C00173,52,70.29,1,two-year,south,0
C00174,50,62.52,2,month-to-month,west,0
C00175,33,44.62,4,month-to-month,north,1
C00176,51,121.22,0,two-year,north,0
C00177,12,114.63,3,month-to-month,south,0
C00178,64,98.4,0,month-to-month,east,0
C00179,36,46.98,1,one-year,north,0
C00180,67,91.38,4,month-to-month,south,1
C00181,11,85.99,4,month-to-month,west,1
C00182,36,81.06,1,month-to-month,north,0
C00183,50,101.24,3,month-to-month,north,0
C00184,36,85.88,2,month-to-month,south,1
C00185,32,88.5,0,month-to-month,north,0
C00186,12,85.92,2,month-to-month,north,0
C00187,28,78.52,2,month-to-month,north,1
C00188,17,25.41,1,month-to-month,north,0
C00189,22,72.09,1,one-year,west,0
C00190,49,56.1,1,one-year,north,0
C00191,45,38.0,0,month-to-month,east,0
C00192,44,112.05,4,month-to-month,east,1
C00193,26,113.22,1,two-year,east,0
C00194,69,103.98,2,one-year,east,0
C00195,7,76.38,2,month-to-month,south,1
C00196,25,103.77,1,month-to-month,west,1
C00197,9,70.3,1,month-to-month,north,1
C00198,25,75.07,0,two-year,north,0
C00199,69,42.66,3,two-year,west,0
C00200,27,79.92,0,two-year,north,0
C00201,65,71.51,1,month-to-month,north,0
C00202,36,37.43,2,month-to-month,north,0
C00203,50,68.72,0,month-to-month,north,1
C00204,33,68.01,2,month-to-month,north,0
C00205,19,114.94,2,month-to-month,east,1
C00206,55,92.36,3,one-year,east,0
C00207,69,70.29,1,month-to-month,north,0
C00208,19,76.22,0,two-year,west,0
C00209,56,71.11,0,month-to-month,north,0
C00210,19,64.93,1,month-to-month,east,1
C00211,51,42.94,1,two-year,west,0
C00212,57,66.22,2,one-year,east,0
C00213,32,51.35,0,month-to-month,south,0
C00214,53,38.74,0,one-year,north,0
C00215,20,82.78,1,month-to-month,north,1
C00216,6,79.78,2,month-to-month,west,1
C00217,7,25.33,3,month-to-month,south,1
C00218,32,66.93,1,month-to-month,north,0
C00219,65,94.89,3,one-year,east,1
C00220,10,96.48,1,month-to-month,east,1
C00221,33,95.65,1,one-year,north,0
C00222,50,70.97,1,one-year,north,0
C00223,15,48.87,1,month-to-month,north,1
C00224,52,42.91,1,month-to-month,north,0
C00225,22,78.62,2,month-to-month,east,0
C00226,58,79.48,2,one-year,north,0
C00227,42,102.18,0,one-year,east,0
C00228,39,97.5,0,one-year,north,0
C00229,13,66.69,0,month-to-month,west,0
C00230,33,38.89,2,month-to-month,east,1
C00231,61,62.02,1,month-to-month,south,0
C00232,2,75.43,2,month-to-month,south,1
C00233,54,64.95,0,one-year,north,0
C00234,35,55.55,2,month-to-month,north,0
C00235,52,76.32,0,month-to-month,east,1
C00236,48,57.4,0,month-to-month,north,0
C00237,31,54.3,3,month-to-month,east,1
C00238,22,77.79,2,one-year,south,1
C00239,45,59.95,1,month-to-month,north,0
C00240,10,76.1,2,two-year,east,0
C00241,42,76.83,2,two-year,east,0
C00242,7,41.51,1,two-year,east,0
C00243,47,57.97,1,one-year,north,1
C00244,45,105.94,0,one-year,east,0
C00245,6,40.95,1,one-year,west,0
C00246,54,17.08,0,month-to-month,south,1
C00247,30,23.45,1,month-to-month,west,0
C00248,56,70.73,2,one-year,east,0
C00249,3,70.77,4,month-to-month,south,1
C00250,13,67.06,1,month-to-month,west,1
C00251,36,100.35,4,two-year,west,0
C00252,14,15.0,2,month-to-month,north,1
C00253,24,79.9,0,month-to-month,west,0
C00254,47,109.04,2,one-year,north,0
C00255,11,41.81,0,month-to-month,north,1
C00256,49,60.5,2,two-year,north,1
C00257,8,51.18,4,month-to-month,south,1
C00258,13,47.64,2,two-year,west,0
C00259,42,61.84,1,one-year,east,0
C00260,57,105.69,2,month-to-month,east,0
C00261,13,115.93,1,month-to-month,north,0
C00262,22,61.6,3,month-to-month,east,0
C00263,66,117.63,1,month-to-month,south,0
C00264,71,70.89,3,month-to-month,south,0
C00265,42,113.84,0,two-year,south,1
C00266,32,67.67,0,month-to-month,north,1
C00267,25,73.28,0,two-year,west,0
C00268,44,79.14,2,month-to-month,east,1
C00269,42,149.47,1,two-year,south,0
C00270,21,91.28,2,month-to-month,north,0
C00271,2,52.32,2,month-to-month,west,1
C00272,11,94.22,3,one-year,south,0
C00273,69,60.95,4,month-to-month,south,0
C00274,30,57.76,2,two-year,east,1
C00275,35,92.72,3,month-to-month,north,1
C00276,34,70.78,0,month-to-month,east,1
C00277,56,76.96,4,month-to-month,west,1
C00278,5,70.35,1,one-year,south,1
C00279,6,78.41,0,month-to-month,north,1
C00280,20,80.62,1,month-to-month,north,1
C00281,35,21.58,0,month-to-month,north,0
C00282,48,86.66,1,month-to-month,east,1
C00283,35,45.45,0,month-to-month,south,0
C00284,32,33.94,0,two-year,north,0
C00285,67,68.54,1,month-to-month,east,0
C00286,12,72.1,2,one-year,north,0
C00287,41,52.66,5,month-to-month,south,1
C00288,39,90.78,1,month-to-month,west,0
C00289,34,36.45,3,month-to-month,north,0
C00290,58,59.83,0,month-to-month,north,0
C00291,19,55.38,2,month-to-month,south,1
C00292,68,68.84,1,month-to-month,east,0
C00293,24,76.97,1,month-to-month,north,1
C00294,39,44.8,1,two-year,west,0
C00295,37,88.11,1,month-to-month,north,0
C00296,61,71.58,2,month-to-month,west,1
C00297,32,22.7,2,month-to-month,east,1
C00298,21,21.04,0,month-to-month,north,0
C00299,2,69.69,1,one-year,north,1
C00300,26,64.48,0,month-to-month,north,1
C00301,59,67.41,3,one-year,south,0
C00302,1,69.3,2,month-to-month,south,1
C00303,64,75.64,0,month-to-month,east,0
C00304,39,93.69,2,two-year,south,0
C00305,10,42.22,3,month-to-month,east,0
C00306,22,40.7,3,one-year,south,0
C00307,40,42.67,1,month-to-month,south,1
C00308,23,77.22,1,two-year,south,0
C00309,8,101.12,0,month-to-month,south,1
C00310,48,59.22,0,month-to-month,west,0
C00311,48,15.0,1,one-year,north,0
C00312,9,27.4,0,month-to-month,south,1
C00313,20,49.17,1,month-to-month,west,1
C00314,18,56.06,3,two-year,east,1
C00315,47,59.79,2,one-year,north,1
C00316,52,70.96,3,one-year,west,0
C00317,52,62.21,3,one-year,north,1
C00318,67,96.23,0,two-year,north,0
C00319,55,53.1,1,two-year,south,0
C00320,23,48.44,2,one-year,east,0
C00321,8,81.97,3,month-to-month,north,1
C00322,44,31.61,1,month-to-month,west,0
C00323,66,79.74,5,one-year,north,0
C00324,70,72.56,3,two-year,west,0
C00325,17,66.31,1,month-to-month,north,0
C00326,17,109.71,1,month-to-month,south,0
C00327,3,54.44,3,month-to-month,east,1
C00328,11,121.51,1,month-to-month,south,0
C00329,40,64.36,0,two-year,east,0
C00330,39,38.07,1,month-to-month,east,0
C00331,27,71.75,4,one-year,east,0
C00332,23,43.09,6,one-year,south,0
C00333,59,51.21,4,two-year,west,0
C00334,33,79.93,1,month-to-month,east,0
C00335,58,83.89,1,two-year,south,0
C00336,69,54.45,1,one-year,east,0
C00337,23,94.69,1,one-year,west,0
C00338,15,98.94,2,month-to-month,west,1
C00339,68,105.91,2,month-to-month,east,0
C00340,46,83.24,1,one-year,west,0
C00341,21,104.09,2,month-to-month,west,0
C00342,45,22.98,3,month-to-month,south,0
C00343,37,62.05,2,one-year,east,0
C00344,65,48.32,1,one-year,north,0
C00345,19,72.98,1,month-to-month,south,1
C00346,71,55.71,1,month-to-month,west,0
C00347,67,65.85,2,month-to-month,south,0
C00348,13,117.05,3,two-year,west,1
C00349,12,65.76,1,two-year,south,0
C00350,38,80.34,3,month-to-month,north,1
C00351,4,64.19,3,month-to-month,north,1
C00352,22,71.89,1,month-to-month,east,0
C00353,31,70.15,0,month-to-month,south,0
C00354,69,81.21,2,two-year,east,0
C00355,71,99.13,1,month-to-month,north,0
C00356,11,111.18,1,month-to-month,south,0
C00357,64,77.74,2,month-to-month,north,0
C00358,7,84.74,3,month-to-month,south,1
C00359,54,41.23,1,two-year,west,0
C00360,61,67.8,2,one-year,north,0
C00361,64,93.51,2,one-year,east,0
C00362,16,91.65,1,month-to-month,north,1
C00363,64,75.29,1,two-year,east,0
C00364,9,92.16,1,month-to-month,west,1
C00365,37,82.27,2,two-year,south,0
C00366,34,100.01,0,two-year,north,0
C00367,23,77.23,1,month-to-month,east,0
C00368,2,61.11,2,two-year,south,0
C00369,55,78.4,0,month-to-month,west,0
C00370,24,15.0,0,one-year,west,0
C00371,47,79.57,1,month-to-month,east,0
C00372,30,15.0,1,month-to-month,east,1
C00373,27,26.91,1,month-to-month,east,0
C00374,63,81.29,5,month-to-month,east,0
C00375,7,81.94,2,month-to-month,south,1
C00376,53,40.94,1,month-to-month,west,0
C00377,54,52.2,5,one-year,south,0
C00378,27,104.26,2,month-to-month,north,1
C00379,19,57.9,2,month-to-month,east,0
C00380,1,126.07,1,two-year,east,1
C00381,67,69.95,0,two-year,west,0
C00382,68,80.2,0,month-to-month,south,0
C00383,18,110.42,0,month-to-month,south,1
C00384,3,73.28,2,one-year,east,1
C00385,9,44.94,4,one-year,south,0
C00386,5,67.26,1,month-to-month,west,1
C00387,60,69.11,5,one-year,south,1
C00388,64,35.88,4,month-to-month,west,0
C00389,11,63.6,1,month-to-month,south,1
C00390,54,51.45,1,one-year,north,0
C00391,13,93.11,1,one-year,west,1
C00392,27,70.87,0,two-year,east,0
C00393,43,62.93,0,month-to-month,east,0
C00394,52,67.35,2,month-to-month,east,0
C00395,63,75.58,0,month-to-month,south,1
C00396,4,85.42,1,month-to-month,west,0
C00397,14,45.01,3,month-to-month,south,1
C00398,20,43.96,1,month-to-month,west,0
C00399,23,97.62,4,month-to-month,south,1
C00400,71,59.69,2,one-year,north,0
C00401,56,34.58,1,month-to-month,north,0
C00402,23,81.1,4,month-to-month,west,1
C00403,69,81.58,1,one-year,east,0
C00404,36,31.73,2,month-to-month,south,1
C00405,36,75.74,1,two-year,west,0
C00406,31,88.39,1,month-to-month,east,0
C00407,11,79.36,0,month-to-month,east,1
C00408,67,85.8,2,two-year,east,1
C00409,1,34.89,2,one-year,north,1
C00410,13,78.28,3,one-year,north,1
C00411,17,62.43,2,one-year,east,1
C00412,20,57.93,1,month-to-month,north,0
C00413,10,91.76,0,one-year,east,0
C00414,2,106.98,1,two-year,north,0
C00415,49,114.86,2,two-year,south,0
C00416,69,102.87,0,month-to-month,east,0
C00417,9,67.26,2,month-to-month,east,1
C00418,22,78.82,1,one-year,west,0
C00419,36,89.17,0,month-to-month,east,0
C00420,66,73.03,1,month-to-month,north,0
C00421,50,73.27,1,month-to-month,west,0
C00422,55,90.59,0,month-to-month,north,0
C00423,42,68.52,0,month-to-month,north,0
C00424,30,51.77,1,month-to-month,west,0
C00425,15,59.64,1,month-to-month,north,1
C00426,62,85.85,0,month-to-month,east,0
C00427,58,70.07,1,two-year,south,1
C00428,2,78.51,0,month-to-month,west,1
C00429,51,86.75,0,month-to-month,north,0
C00430,6,60.63,4,month-to-month,north,1
C00431,53,88.91,1,month-to-month,south,0
C00432,59,79.47,2,two-year,south,1
C00433,10,39.13,1,two-year,west,0
C00434,31,106.06,4,month-to-month,east,1
C00435,9,57.48,3,month-to-month,north,0
C00436,41,28.62,2,month-to-month,west,0
C00437,66,43.87,0,month-to-month,south,1
C00438,6,44.47,1,month-to-month,west,1
C00439,29,71.3,0,month-to-month,west,0
C00440,70,63.15,2,month-to-month,north,0
C00441,22,61.58,0,one-year,east,0
C00442,10,85.49,1,month-to-month,south,1
C00443,35,78.5,3,month-to-month,south,1
C00444,37,77.9,2,month-to-month,south,1
C00445,48,80.25,3,month-to-month,east,0
C00446,23,85.4,1,month-to-month,south,1
C00447,68,17.3,1,month-to-month,north,0
C00448,37,60.89,1,month-to-month,south,0
C00449,21,15.49,1,month-to-month,north,0
C00450,69,70.9,1,two-year,west,1
C00451,66,69.88,3,two-year,east,0
C00452,36,96.14,0,month-to-month,south,1
C00453,2,99.69,1,month-to-month,south,1
C00454,43,75.07,2,one-year,north,1
C00455,40,57.49,0,one-year,south,0
C00456,11,82.13,0,month-to-month,west,1
C00457,46,56.8,2,month-to-month,north,0
C00458,60,69.97,1,month-to-month,north,0
C00459,8,94.65,1,one-year,west,0
C00460,52,56.06,1,month-to-month,east,0
C00461,10,90.14,1,month-to-month,north,1
C00462,54,86.94,0,month-to-month,south,1
C00463,30,46.13,2,month-to-month,east,1
C00464,1,94.35,4,month-to-month,south,0
C00465,69,87.46,3,one-year,south,0
C00466,12,72.55,0,month-to-month,east,1
C00467,43,50.94,1,month-to-month,east,0
C00468,13,48.52,1,month-to-month,west,1
C00469,67,56.56,1,two-year,north,0
C00470,53,83.56,3,month-to-month,south,0
C00471,58,46.11,2,month-to-month,north,1
C00472,31,80.94,1,month-to-month,east,1
C00473,34,38.96,1,two-year,east,0
C00474,46,64.9,2,one-year,south,1
C00475,56,72.74,1,two-year,east,0
C00476,61,131.13,2,one-year,south,0
C00477,2,35.57,0,month-to-month,north,1
C00478,48,106.8,1,month-to-month,east,0
C00479,8,73.75,3,month-to-month,south,1
C00480,21,80.28,2,one-year,south,1
C00481,59,72.96,1,one-year,south,1
C00482,18,81.12,2,month-to-month,west,1
C00483,57,66.16,1,two-year,north,1
C00484,33,106.35,0,month-to-month,south,1
C00485,17,58.59,2,month-to-month,east,0
C00486,24,98.31,2,month-to-month,north,0
C00487,38,53.89,1,two-year,north,0
C00488,55,68.49,3,two-year,east,0
C00489,44,43.2,0,month-to-month,east,0
C00490,67,81.38,2,two-year,east,0
C00491,62,106.13,4,two-year,north,1
C00492,54,68.07,2,two-year,west,0
C00493,43,65.08,1,two-year,south,0
C00494,21,42.13,3,month-to-month,north,0
C00495,30,64.27,1,one-year,south,0
C00496,9,30.18,0,one-year,north,0
C00497,27,47.18,1,one-year,south,0
C00498,66,75.67,1,month-to-month,south,1
C00499,31,102.98,2,one-year,south,0
C00500,9,140.23,1,two-year,south,0
C00501,47,55.34,2,month-to-month,west,0
C00502,69,105.88,5,two-year,west,0
C00503,62,76.09,2,month-to-month,south,1
C00504,20,66.22,0,month-to-month,west,0
C00505,33,80.81,0,month-to-month,west,0
C00506,38,71.55,3,one-year,west,0
C00507,18,72.76,0,one-year,north,0
C00508,20,59.79,3,month-to-month,south,1
C00509,17,35.05,4,one-year,south,1
C00510,71,31.41,0,month-to-month,north,0
C00511,53,86.33,1,month-to-month,north,0
C00512,60,63.08,0,two-year,east,0
C00513,58,55.1,1,one-year,south,0
C00514,69,70.21,4,one-year,west,0
C00515,8,89.87,1,one-year,east,1
C00516,63,74.51,2,two-year,north,0
C00517,5,53.6,2,month-to-month,west,1
C00518,34,100.66,1,month-to-month,south,1
C00519,43,109.48,1,month-to-month,east,1
C00520,26,82.36,1,one-year,west,0
C00521,11,94.34,1,one-year,east,1
C00522,14,101.05,1,one-year,north,0
C00523,59,98.25,0,month-to-month,north,1
C00524,23,85.35,1,month-to-month,south,1
C00525,23,84.96,4,one-year,north,1
C00526,66,82.99,0,two-year,north,0
C00527,11,42.57,3,month-to-month,west,1
C00528,65,87.52,2,month-to-month,north,0
C00529,66,36.1,0,month-to-month,north,0
C00530,43,50.14,1,month-to-month,east,0
C00531,12,102.59,5,month-to-month,north,1
C00532,12,91.01,0,month-to-month,south,0
C00533,21,107.18,1,one-year,west,0
C00534,41,63.21,0,month-to-month,east,0
C00535,11,41.19,0,month-to-month,west,0
C00536,33,63.99,1,month-to-month,south,1
C00537,9,72.55,0,two-year,east,0
C00538,39,71.97,4,month-to-month,north,1
C00539,2,98.34,3,month-to-month,south,1
C00540,51,60.97,0,month-to-month,north,0
C00541,4,78.8,0,one-year,west,1
C00542,14,45.28,5,two-year,north,0
C00543,13,81.26,0,month-to-month,north,0
C00544,60,70.08,2,month-to-month,south,0
C00545,4,51.25,2,month-to-month,south,0
C00546,31,64.1,1,one-year,south,0
C00547,42,65.4,0,two-year,south,0
C00548,37,63.25,0,month-to-month,south,0
C00549,49,114.28,2,month-to-month,west,1
C00550,58,67.54,1,one-year,east,0
C00551,28,63.9,0,one-year,west,0
C00552,59,17.56,3,month-to-month,west,1
C00553,23,47.64,1,month-to-month,east,1
C00554,70,63.42,0,month-to-month,west,0
C00555,36,52.85,6,one-year,north,0
C00556,53,104.54,0,one-year,west,0
C00557,63,65.88,0,one-year,south,0
C00558,57,102.21,0,two-year,east,0
C00559,61,71.54,0,month-to-month,north,1
C00560,39,70.93,2,month-to-month,north,1
C00561,4,67.78,1,month-to-month,west,0
C00562,36,70.09,2,two-year,south,0
C00563,13,112.97,1,one-year,north,1
C00564,64,15.0,1,month-to-month,east,0
C00565,17,19.96,2,month-to-month,north,0
C00566,17,56.42,2,one-year,south,1
C00567,18,70.36,2,one-year,east,0
C00568,46,87.25,0,one-year,east,0
C00569,41,81.83,1,month-to-month,south,0
C00570,68,60.39,0,two-year,south,0
C00571,30,95.48,0,one-year,west,0
C00572,21,95.75,2,one-year,north,0
C00573,4,74.6,2,one-year,north,0
C00574,1,94.07,2,two-year,north,0
C00575,27,76.82,1,two-year,west,0
C00576,66,55.96,4,one-year,south,0
C00577,38,87.45,1,month-to-month,north,0
C00578,64,72.77,0,month-to-month,north,0
C00579,8,70.03,1,two-year,north,1
C00580,7,106.82,1,one-year,west,0
C00581,60,15.0,0,month-to-month,south,0
C00582,8,34.56,0,month-to-month,north,0
C00583,4,40.32,1,two-year,north,0
C00584,29,60.92,1,two-year,east,0
C00585,66,63.63,1,two-year,east,0
C00586,49,32.32,2,month-to-month,west,0
C00587,8,45.37,4,one-year,north,1
C00588,60,48.48,2,two-year,north,0
C00589,60,131.44,1,month-to-month,north,1
C00590,57,115.04,1,month-to-month,south,0
C00591,65,59.71,1,two-year,east,0
C00592,18,60.91,0,month-to-month,east,0
C00593,70,41.27,2,one-year,north,0
C00594,23,22.3,0,one-year,east,0
C00595,57,67.08,1,one-year,east,1
C00596,42,45.05,2,month-to-month,north,1
C00597,56,67.88,3,one-year,east,0
C00598,45,29.99,1,month-to-month,south,0
C00599,46,50.95,2,two-year,north,0
C00600,44,73.72,2,month-to-month,south,1
C00601,56,79.16,0,one-year,west,0
C00602,53,80.44,0,one-year,east,0
C00603,10,36.99,1,month-to-month,south,1
C00604,59,91.37,4,month-to-month,west,1
C00605,39,49.99,0,one-year,south,0
C00606,23,85.82,1,month-to-month,south,1
C00607,37,69.73,0,month-to-month,north,0
C00608,69,35.59,1,month-to-month,west,0
C00609,61,62.1,3,two-year,west,0
C00610,60,79.13,3,one-year,north,0
C00611,33,85.32,0,month-to-month,east,1
C00612,56,66.48,2,two-year,west,0
C00613,28,108.29,1,month-to-month,east,1
C00614,49,95.19,1,month-to-month,north,0
C00615,46,63.58,2,month-to-month,west,0
C00616,18,88.75,2,month-to-month,south,1
C00617,19,118.34,0,month-to-month,south,0
C00618,5,119.01,3,one-year,south,1
C00619,10,39.3,2,month-to-month,west,0
C00620,31,46.84,0,one-year,east,0
C00621,34,107.12,0,month-to-month,east,1
C00622,12,43.54,1,month-to-month,west,1
C00623,30,36.94,1,month-to-month,west,0
C00624,43,57.85,2,one-year,west,0
C00625,17,80.51,1,one-year,west,0
C00626,25,67.44,2,month-to-month,west,1
C00627,27,53.74,2,month-to-month,west,1
C00628,36,53.14,0,month-to-month,east,1
C00629,27,52.19,2,two-year,north,0
C00630,53,48.01,1,month-to-month,north,0
C00631,24,127.04,1,one-year,west,0
C00632,31,77.44,0,month-to-month,south,0
C00633,27,92.17,3,month-to-month,west,1
C00634,13,57.77,3,one-year,west,0
C00635,49,65.35,3,month-to-month,east,1
C00636,17,52.16,1,month-to-month,west,0
C00637,22,15.0,2,two-year,south,0
C00638,57,35.55,2,month-to-month,south,0
C00639,68,24.73,0,month-to-month,west,0
C00640,48,15.0,2,month-to-month,west,1
C00641,66,40.12,5,month-to-month,north,1
C00642,61,103.12,1,one-year,west,0
C00643,35,68.89,0,month-to-month,south,1
C00644,55,102.26,1,two-year,west,0
C00645,24,80.27,1,one-year,east,1
C00646,33,89.56,1,two-year,east,1
C00647,39,47.48,2,two-year,north,0
C00648,69,83.1,3,two-year,south,0
C00649,61,88.22,1,one-year,east,0
C00650,35,55.58,1,month-to-month,west,1
C00651,47,83.99,4,month-to-month,north,1
C00652,15,84.15,2,one-year,north,1
C00653,58,56.26,1,month-to-month,east,0
C00654,40,41.93,1,one-year,south,0
C00655,38,40.4,1,month-to-month,west,0
C00656,55,72.16,0,two-year,north,0
C00657,45,78.18,0,month-to-month,south,0
C00658,6,50.19,2,two-year,north,0
C00659,21,70.66,2,month-to-month,east,0
C00660,13,84.26,3,month-to-month,west,1
C00661,53,85.45,0,two-year,north,0
C00662,3,108.8,4,two-year,south,1
C00663,15,101.92,3,one-year,west,0
C00664,43,44.97,1,two-year,north,0
C00665,50,112.09,2,month-to-month,west,0
C00666,36,56.73,2,two-year,west,0
C00667,62,96.12,2,month-to-month,north,1
C00668,66,71.7,2,month-to-month,north,0
C00669,10,59.7,3,month-to-month,east,1
C00670,68,24.81,4,month-to-month,north,0
C00671,44,65.71,2,one-year,east,0
C00672,46,31.02,2,one-year,north,0
C00673,7,94.18,2,month-to-month,east,1
C00674,45,107.92,3,two-year,south,0
C00675,52,50.08,2,month-to-month,east,1
C00676,42,77.55,0,month-to-month,west,0
C00677,6,51.87,3,one-year,south,0
C00678,38,54.29,2,month-to-month,east,0
C00679,67,89.36,7,month-to-month,east,1
C00680,52,69.04,2,one-year,west,0
C00681,10,113.49,1,month-to-month,north,0
C00682,69,57.94,1,month-to-month,north,0
C00683,69,94.98,1,one-year,south,1
C00684,13,72.44,0,month-to-month,east,1
C00685,57,89.89,2,two-year,west,1
C00686,29,58.82,0,one-year,south,0
C00687,43,68.76,1,month-to-month,north,0
C00688,32,67.11,2,month-to-month,east,0
C00689,56,49.1,1,month-to-month,east,0
C00690,71,86.55,2,one-year,south,0
C00691,57,86.26,1,month-to-month,north,0
C00692,67,84.84,1,two-year,west,1
C00693,68,108.42,2,month-to-month,west,1
C00694,7,106.23,3,one-year,east,0
C00695,18,60.63,1,month-to-month,east,0
C00696,52,79.33,4,month-to-month,south,1
C00697,42,54.41,3,month-to-month,south,0
C00698,4,70.58,5,one-year,north,1
C00699,7,55.01,1,two-year,north,0
C00700,37,110.5,1,month-to-month,south,0
C00701,44,79.09,1,month-to-month,south,1
C00702,12,64.55,1,month-to-month,north,1
C00703,13,99.84,1,month-to-month,west,1
C00704,10,15.73,3,two-year,south,0
C00705,41,19.65,3,two-year,east,0
C00706,1,89.9,2,two-year,south,0
C00707,41,71.51,2,month-to-month,south,1
C00708,34,76.26,0,month-to-month,west,0
C00709,34,36.84,5,one-year,east,1
C00710,49,69.42,0,month-to-month,west,0
C00711,38,120.09,1,one-year,south,1
C00712,52,90.6,1,month-to-month,south,0
C00713,55,74.24,0,month-to-month,south,1
C00714,66,59.02,1,two-year,east,0
C00715,57,60.14,1,month-to-month,south,0
C00716,37,16.77,1,two-year,south,0
C00717,35,76.44,3,month-to-month,north,1
C00718,17,91.14,0,month-to-month,east,0
C00719,43,30.61,2,month-to-month,east,0
C00720,10,53.46,1,month-to-month,east,1
C00721,67,41.06,4,month-to-month,west,0
C00722,60,45.87,1,month-to-month,west,0
C00723,9,71.34,0,one-year,west,0
C00724,56,17.89,3,two-year,north,0
C00725,9,85.36,0,month-to-month,west,1
C00726,52,88.85,1,month-to-month,south,1
C00727,7,63.72,2,month-to-month,south,0
C00728,35,15.0,0,one-year,south,0
C00729,47,45.09,1,one-year,south,0
C00730,52,100.82,0,month-to-month,west,0
C00731,30,15.0,2,month-to-month,east,1
C00732,66,61.31,1,month-to-month,west,0
C00733,55,40.5,1,month-to-month,west,0
C00734,15,90.11,1,month-to-month,south,1
C00735,48,53.12,1,two-year,east,0
C00736,52,80.1,0,month-to-month,east,0
C00737,24,84.14,2,month-to-month,south,0
C00738,53,115.91,0,month-to-month,east,0
C00739,64,64.93,3,one-year,east,0
C00740,59,79.4,1,month-to-month,west,1
C00741,55,32.87,0,month-to-month,west,1
C00742,46,99.76,1,month-to-month,east,1
C00743,20,50.99,1,one-year,west,0
C00744,57,55.98,1,month-to-month,north,0
C00745,26,69.44,3,two-year,west,1
C00746,38,30.93,1,month-to-month,south,0
C00747,23,75.72,1,month-to-month,south,1
C00748,23,94.19,1,two-year,west,1
C00749,12,77.32,0,two-year,south,0
C00750,69,30.28,0,month-to-month,west,0
C00751,11,66.9,2,two-year,south,0
C00752,7,88.55,1,month-to-month,south,1
C00753,67,23.05,1,month-to-month,south,0
C00754,40,43.13,2,two-year,south,0
C00755,32,91.91,1,one-year,west,0
C00756,53,76.75,0,month-to-month,north,0
C00757,28,80.3,2,one-year,east,0
C00758,10,116.49,2,month-to-month,west,1
C00759,52,81.71,0,month-to-month,south,0
C00760,13,86.45,1,two-year,east,0
C00761,40,137.77,3,month-to-month,south,1
C00762,68,64.65,7,one-year,north,0
C00763,67,50.05,3,one-year,east,1
C00764,26,80.69,3,one-year,west,1
C00765,56,80.97,5,month-to-month,east,1
C00766,44,56.83,0,two-year,south,0
C00767,35,44.19,2,one-year,north,0
C00768,10,127.75,2,one-year,west,1
C00769,27,78.17,0,month-to-month,west,1
C00770,47,51.69,2,month-to-month,west,1
C00771,71,92.9,1,month-to-month,south,1
C00772,1,67.27,2,month-to-month,east,0
C00773,51,63.68,0,month-to-month,south,0
C00774,61,84.06,2,one-year,north,0
C00775,68,37.7,1,two-year,north,0
C00776,31,78.82,1,month-to-month,south,0
C00777,9,117.82,1,month-to-month,east,1
C00778,20,81.65,2,one-year,north,1
C00779,61,60.59,1,month-to-month,east,0
C00780,63,57.32,2,two-year,south,0
C00781,46,59.74,5,month-to-month,west,0
C00782,9,63.65,3,month-to-month,south,0
C00783,9,60.55,2,month-to-month,north,0
C00784,34,92.91,2,two-year,south,1
C00785,42,26.67,3,month-to-month,west,1
C00786,3,91.55,2,one-year,south,1
C00787,49,60.51,1,month-to-month,east,0
C00788,39,79.42,0,month-to-month,west,0
C00789,1,41.83,3,two-year,south,0
C00790,7,103.22,1,month-to-month,east,1
C00791,33,101.14,0,month-to-month,north,0
C00792,52,93.99,0,month-to-month,south,0
C00793,59,32.13,1,two-year,south,0
C00794,31,90.73,0,month-to-month,east,0
C00795,21,80.12,0,month-to-month,west,1
C00796,69,29.87,4,two-year,south,1
C00797,33,69.39,0,one-year,south,0
C00798,23,79.11,1,two-year,west,0
C00799,32,83.9,1,one-year,south,0
C00800,1,74.43,1,one-year,east,1
C00801,22,77.28,4,month-to-month,east,1
C00802,37,106.84,0,month-to-month,north,0
C00803,66,100.65,2,one-year,west,1
C00804,53,15.0,2,one-year,south,0
C00805,56,62.06,2,two-year,east,0
C00806,39,65.88,1,one-year,south,0
C00807,8,26.2,2,month-to-month,west,1
C00808,28,72.35,2,month-to-month,east,1
C00809,71,101.22,4,one-year,north,0
C00810,4,42.84,2,month-to-month,north,1
C00811,63,78.41,1,one-year,west,1
C00812,49,47.1,1,one-year,east,0
C00813,21,53.2,2,month-to-month,south,0
C00814,56,106.93,3,one-year,north,0
C00815,60,56.44,1,one-year,north,0
C00816,4,81.56,2,two-year,west,1
C00817,8,23.22,1,month-to-month,west,1
C00818,48,116.56,1,one-year,south,0
C00819,71,85.07,1,month-to-month,north,0
C00820,2,65.44,0,month-to-month,south,1
C00821,48,84.39,0,month-to-month,north,1
C00822,10,34.75,0,two-year,east,0
C00823,47,99.56,2,two-year,east,0
C00824,45,61.9,1,month-to-month,west,0
C00825,7,64.9,3,one-year,south,1
C00826,49,57.71,2,month-to-month,north,0
C00827,64,55.48,3,one-year,north,0
C00828,62,87.37,0,month-to-month,south,0
C00829,3,76.4,2,one-year,east,1
C00830,18,86.29,2,month-to-month,north,0
C00831,18,69.78,1,one-year,west,0
C00832,33,82.83,0,month-to-month,south,1
C00833,11,59.53,0,one-year,west,0
C00834,61,125.74,3,one-year,south,0
C00835,56,30.8,4,month-to-month,north,0
C00836,58,101.52,2,month-to-month,north,1
C00837,15,104.2,1,two-year,east,0
C00838,2,48.7,1,one-year,east,0
C00839,65,125.73,2,month-to-month,west,1
C00840,21,94.89,0,month-to-month,west,1
C00841,47,94.28,3,month-to-month,north,1
C00842,65,70.7,3,one-year,south,0
C00843,3,64.57,3,one-year,north,1
C00844,1,64.76,0,month-to-month,north,0
C00845,1,79.76,1,one-year,north,1
C00846,12,105.03,1,one-year,north,0
C00847,4,74.53,1,one-year,east,1
C00848,59,47.21,0,month-to-month,north,0
C00849,44,90.61,0,month-to-month,north,0
C00850,70,93.03,0,month-to-month,north,0
C00851,57,86.37,1,month-to-month,east,0
C00852,69,88.64,1,month-to-month,east,0
C00853,17,63.23,0,month-to-month,west,1
C00854,21,46.78,2,month-to-month,north,1
C00855,61,48.3,3,one-year,north,0
C00856,18,29.11,3,month-to-month,south,1
C00857,5,75.92,1,one-year,east,1
C00858,48,67.91,0,month-to-month,north,1
C00859,57,59.0,1,one-year,north,0
C00860,69,15.0,1,month-to-month,south,0
C00861,66,38.82,1,one-year,north,0
C00862,9,98.02,1,one-year,south,0
C00863,55,53.38,1,month-to-month,west,1
C00864,61,79.01,1,one-year,east,1
C00865,50,35.23,0,month-to-month,south,0
C00866,59,105.97,0,one-year,south,0
C00867,60,66.4,0,month-to-month,west,0
C00868,32,77.25,0,month-to-month,east,0
C00869,3,128.14,2,month-to-month,east,1
C00870,33,107.91,2,two-year,west,1
C00871,15,62.34,1,month-to-month,north,1
C00872,9,55.17,0,one-year,north,0
C00873,9,61.86,4,month-to-month,south,1
C00874,50,82.75,0,month-to-month,south,0
C00875,36,67.37,1,month-to-month,north,0
C00876,39,60.12,0,two-year,north,0
C00877,53,106.68,0,one-year,west,0
C00878,39,67.14,1,month-to-month,east,1
C00879,45,127.49,0,one-year,east,0
C00880,7,72.27,2,month-to-month,north,1
C00881,61,114.63,1,month-to-month,south,0
C00882,32,78.93,0,month-to-month,east,1
C00883,12,94.07,1,month-to-month,east,0
C00884,58,51.88,0,month-to-month,east,0
C00885,53,48.66,1,one-year,east,1
C00886,4,81.49,0,month-to-month,south,1
C00887,14,94.71,1,two-year,west,1
C00888,2,71.01,2,one-year,south,0
C00889,20,37.84,1,two-year,north,0
C00890,8,35.99,1,one-year,west,1
C00891,51,34.32,0,two-year,north,0
C00892,38,25.81,3,month-to-month,south,1
C00893,70,72.74,2,month-to-month,north,0
C00894,54,98.13,2,month-to-month,north,1
C00895,44,69.66,2,two-year,south,0
C00896,37,15.0,1,month-to-month,north,0
C00897,4,65.23,3,one-year,south,1
C00898,5,65.93,1,one-year,west,0
C00899,44,122.4,2,month-to-month,north,0
C00900,1,33.57,1,two-year,west,0
C00901,4,60.23,3,month-to-month,south,0
C00902,16,112.65,2,month-to-month,east,1
C00903,63,81.25,3,one-year,south,0
C00904,33,84.08,3,month-to-month,south,1
C00905,51,72.86,1,month-to-month,north,0
C00906,30,78.25,1,month-to-month,east,1
C00907,13,89.44,2,month-to-month,west,1
C00908,27,49.76,2,one-year,east,1
C00909,7,91.95,0,two-year,east,1
C00910,55,35.67,0,month-to-month,east,0
C00911,14,78.21,2,month-to-month,south,0
C00912,27,74.47,0,month-to-month,north,0
C00913,70,54.59,1,two-year,east,0
C00914,43,69.43,1,one-year,west,0
C00915,33,54.44,1,month-to-month,south,0
C00916,39,43.21,3,month-to-month,west,1
C00917,56,61.16,0,two-year,west,0
C00918,19,42.4,0,two-year,north,0
C00919,46,78.07,2,month-to-month,east,1
C00920,62,41.25,0,two-year,east,0
C00921,41,87.8,1,month-to-month,south,0
C00922,32,40.46,3,month-to-month,east,1
C00923,11,55.84,2,one-year,west,0
C00924,18,54.38,1,month-to-month,east,1
C00925,68,103.13,4,month-to-month,west,0
C00926,39,78.26,4,two-year,west,0
C00927,22,64.71,2,two-year,west,0
C00928,30,82.47,4,month-to-month,west,1
C00929,42,17.32,1,one-year,north,0
C00930,39,68.92,2,one-year,north,0
C00931,50,119.94,3,one-year,north,0
C00932,19,73.31,2,two-year,north,1
C00933,47,71.7,4,one-year,east,0
C00934,32,83.7,1,month-to-month,east,0
C00935,67,92.39,1,month-to-month,south,0
C00936,12,20.06,1,two-year,north,0
C00937,11,27.94,2,two-year,east,0
C00938,33,75.26,1,month-to-month,south,1
C00939,37,52.13,1,month-to-month,west,1
C00940,50,102.8,1,one-year,north,1
C00941,29,62.12,1,month-to-month,south,1
C00942,65,21.64,1,month-to-month,north,0
C00943,34,38.3,1,two-year,south,0
C00944,10,15.0,2,two-year,west,1
C00945,9,64.15,1,two-year,south,1
C00946,70,65.29,1,one-year,south,0
C00947,10,59.39,4,month-to-month,south,1
C00948,68,96.97,4,two-year,south,0
C00949,20,99.96,2,month-to-month,east,1
C00950,7,65.74,4,month-to-month,west,1
C00951,22,16.63,0,two-year,east,1
C00952,44,85.43,0,one-year,east,0
C00953,31,83.88,1,two-year,south,1
C00954,56,77.73,3,month-to-month,north,1
C00955,44,94.54,1,two-year,east,0
C00956,29,40.88,1,one-year,west,0
C00957,46,120.22,0,one-year,east,0
C00958,69,46.01,0,two-year,north,0
C00959,30,88.73,1,month-to-month,east,1
C00960,11,27.82,3,one-year,west,0
C00961,30,46.74,0,one-year,north,0
C00962,60,107.91,1,one-year,north,0
C00963,16,63.48,2,two-year,east,0
C00964,68,91.0,0,one-year,south,0
C00965,42,75.92,1,month-to-month,east,1
C00966,43,67.38,1,month-to-month,east,0
C00967,23,104.1,2,two-year,south,1
C00968,66,64.08,0,two-year,north,0
C00969,3,25.48,1,two-year,east,1
C00970,22,49.92,0,month-to-month,south,0
C00971,30,83.78,2,month-to-month,west,0
C00972,34,79.89,1,one-year,south,0
C00973,34,30.82,1,one-year,north,0
C00974,11,51.89,2,month-to-month,west,0
C00975,17,55.46,0,one-year,east,0
C00976,7,60.86,2,month-to-month,east,1
C00977,41,35.6,3,month-to-month,west,1
C00978,25,54.29,2,month-to-month,west,0
C00979,41,51.78,1,month-to-month,west,0
C00980,42,89.29,0,month-to-month,west,0
C00981,50,90.23,2,two-year,south,0
C00982,39,66.35,0,one-year,north,0
C00983,47,60.2,2,two-year,east,0
C00984,42,73.5,0,month-to-month,west,0
C00985,47,49.59,2,month-to-month,west,0
C00986,44,41.33,3,month-to-month,east,1
C00987,23,46.49,2,one-year,east,0
C00988,18,54.13,5,month-to-month,east,0
C00989,56,40.91,1,one-year,north,0
C00990,25,74.05,0,two-year,north,0
C00991,39,88.24,2,two-year,north,0
C00992,14,30.32,1,month-to-month,west,1
C00993,31,70.63,1,month-to-month,west,1
C00994,38,64.5,0,month-to-month,south,1
C00995,45,78.54,1,month-to-month,south,0
C00996,38,69.68,1,one-year,south,0
C00997,26,33.66,2,month-to-month,north,1
C00998,69,38.44,0,one-year,south,1
C00999,37,70.74,0,month-to-month,south,0
C01000,58,95.72,2,two-year,east,0
C01001,53,15.0,2,two-year,west,0
C01002,40,78.64,4,month-to-month,north,1
C01003,63,99.74,0,two-year,south,0
C01004,10,66.17,0,month-to-month,west,1
C01005,66,83.76,1,one-year,west,0
C01006,61,52.42,4,two-year,west,1
C01007,36,67.02,1,two-year,east,0
C01008,53,29.48,4,two-year,north,0
C01009,37,15.0,3,month-to-month,west,0
C01010,20,93.57,0,two-year,east,0
C01011,57,45.38,1,one-year,west,0
C01012,18,58.61,3,month-to-month,west,0
C01013,23,35.34,1,month-to-month,south,0
C01014,37,34.75,2,one-year,north,0
C01015,60,65.65,0,one-year,east,0
C01016,28,51.76,0,month-to-month,south,1
C01017,36,79.45,2,two-year,north,0
C01018,3,81.31,0,one-year,south,0
C01019,9,78.02,1,month-to-month,west,1
C01020,4,75.97,5,month-to-month,south,0
C01021,6,109.44,0,one-year,south,0
C01022,62,43.31,0,one-year,east,0
C01023,60,68.63,1,one-year,east,0
C01024,59,98.32,3,month-to-month,south,0
C01025,4,101.61,2,one-year,west,0
C01026,6,34.46,4,one-year,east,0
C01027,20,62.19,2,two-year,north,1
C01028,41,103.95,1,month-to-month,south,1
C01029,24,82.7,0,one-year,west,0
C01030,35,74.88,1,month-to-month,north,0
C01031,13,64.56,1,month-to-month,north,0
C01032,52,60.4,1,one-year,east,0
C01033,23,77.21,1,one-year,south,0
C01034,5,63.69,1,month-to-month,south,1
C01035,53,68.94,1,one-year,south,0
C01036,65,71.96,3,month-to-month,north,1
C01037,2,53.05,2,month-to-month,south,1
C01038,32,83.3,3,month-to-month,north,0
C01039,59,142.86,1,month-to-month,east,0
C01040,51,25.58,1,one-year,east,0
C01041,61,78.1,3,two-year,west,0
C01042,30,51.0,1,one-year,north,1
C01043,27,84.44,2,month-to-month,south,1
C01044,51,71.16,1,month-to-month,south,0
C01045,11,89.05,1,month-to-month,east,1
C01046,17,99.39,1,one-year,east,0
C01047,43,74.81,1,month-to-month,west,0
C01048,48,98.3,1,month-to-month,west,1
C01049,9,15.0,0,one-year,west,0
C01050,37,109.76,1,one-year,north,0
C01051,26,79.38,0,month-to-month,north,0
C01052,36,96.95,1,month-to-month,west,0
C01053,69,39.5,2,one-year,west,0
C01054,6,49.23,0,month-to-month,south,1
C01055,71,73.65,1,month-to-month,north,1
C01056,32,69.57,3,two-year,east,0
C01057,55,77.08,3,month-to-month,east,0
C01058,31,97.11,1,month-to-month,west,0
C01059,23,25.87,0,month-to-month,east,0
C01060,55,94.35,3,month-to-month,west,1
C01061,49,70.21,1,month-to-month,west,0
C01062,11,64.91,2,month-to-month,north,1
C01063,51,33.22,4,one-year,north,0
C01064,54,82.58,1,month-to-month,west,0
C01065,28,15.0,1,two-year,north,0
C01066,66,86.21,2,two-year,north,1
C01067,46,32.7,2,month-to-month,west,0
C01068,24,71.34,0,month-to-month,north,1
C01069,1,67.02,0,one-year,north,0
C01070,48,99.24,2,two-year,north,0
C01071,15,65.53,2,two-year,south,1
C01072,54,52.65,0,month-to-month,east,0
C01073,38,57.33,2,month-to-month,east,1
C01074,34,101.82,1,month-to-month,west,1
C01075,12,83.41,4,two-year,east,0
C01076,51,60.36,2,one-year,west,0
C01077,12,64.09,0,month-to-month,north,0
C01078,30,30.82,1,one-year,south,0
C01079,60,79.71,3,month-to-month,south,0
C01080,66,26.0,1,one-year,north,0
C01081,71,88.79,2,month-to-month,west,0
C01082,69,73.22,1,one-year,north,0
C01083,40,129.67,2,one-year,south,0
C01084,15,42.5,0,one-year,south,1
C01085,60,67.43,1,month-to-month,north,0
C01086,57,114.96,0,two-year,west,0
C01087,71,99.78,2,one-year,north,0
C01088,47,52.59,2,month-to-month,north,0
C01089,11,75.6,0,month-to-month,south,1
C01090,36,70.05,1,one-year,north,0
C01091,32,77.05,2,month-to-month,west,1
C01092,60,52.53,0,month-to-month,north,0
C01093,28,67.77,3,month-to-month,south,1
C01094,24,30.05,3,month-to-month,south,1
C01095,6,73.38,2,month-to-month,north,1
C01096,60,81.25,2,one-year,north,0
C01097,54,64.31,0,month-to-month,east,0
C01098,3,29.62,2,one-year,north,0
C01099,31,94.71,1,month-to-month,north,0
C01100,35,79.11,0,month-to-month,south,0
C01101,34,51.85,2,month-to-month,south,0
C01102,66,62.98,2,one-year,south,0
C01103,11,32.48,1,two-year,west,0
C01104,22,44.36,0,month-to-month,south,1
C01105,13,56.55,1,month-to-month,east,0
C01106,18,100.71,1,month-to-month,west,1
C01107,65,54.01,3,month-to-month,north,0
C01108,67,86.01,2,two-year,east,0
C01109,4,56.54,1,month-to-month,south,1
C01110,45,76.2,0,two-year,east,1
C01111,17,66.47,2,one-year,north,0
C01112,14,91.83,2,month-to-month,south,1
C01113,21,56.63,1,two-year,north,1
C01114,14,30.69,2,month-to-month,west,1
C01115,35,35.45,1,one-year,east,0
C01116,71,56.7,1,month-to-month,north,0
C01117,42,38.77,6,two-year,east,0
C01118,52,80.26,3,month-to-month,west,1
C01119,36,58.36,2,month-to-month,east,0
C01120,1,129.37,0,two-year,south,1
C01121,6,26.56,2,month-to-month,west,1
C01122,20,75.09,1,month-to-month,north,1
C01123,18,41.8,5,one-year,north,0
C01124,60,57.66,1,month-to-month,north,0
C01125,60,73.54,0,two-year,west,0
C01126,61,15.0,3,one-year,east,0
C01127,46,75.92,1,one-year,east,0
C01128,40,117.57,1,month-to-month,east,1
C01129,47,58.66,2,month-to-month,south,0
C01130,29,76.5,0,two-year,north,0
C01131,48,95.62,3,month-to-month,west,0
C01132,57,65.9,2,month-to-month,west,0
C01133,55,55.48,0,month-to-month,north,0
C01134,44,15.0,1,month-to-month,north,0
C01135,5,86.02,1,one-year,east,1
C01136,52,67.17,1,one-year,north,0
C01137,27,44.68,0,one-year,east,0
C01138,53,73.16,2,two-year,west,0
C01139,39,55.41,0,month-to-month,south,0
C01140,63,56.79,0,month-to-month,south,0
C01141,25,85.16,0,month-to-month,west,0
C01142,67,36.54,1,one-year,south,0
C01143,60,96.18,3,month-to-month,north,1
C01144,24,35.06,1,one-year,north,0
C01145,35,53.43,2,month-to-month,west,1
C01146,38,118.07,0,two-year,west,1
C01147,55,98.18,3,two-year,north,0
C01148,49,72.44,1,two-year,west,0
C01149,61,46.49,3,month-to-month,north,1
C01150,27,56.77,2,two-year,north,0
C01151,36,71.83,2,month-to-month,south,1
C01152,31,70.94,0,month-to-month,south,1
C01153,65,67.73,1,month-to-month,west,0
C01154,22,69.23,1,month-to-month,east,0
C01155,42,64.64,0,one-year,north,0
C01156,9,33.95,0,month-to-month,east,0
C01157,61,57.09,0,month-to-month,west,0
C01158,28,92.87,0,one-year,east,1
C01159,25,35.79,2,two-year,north,0
C01160,42,65.26,3,one-year,north,0
C01161,36,49.51,1,one-year,south,0
C01162,61,72.78,3,month-to-month,south,0
C01163,38,60.28,3,two-year,south,0
C01164,37,106.93,1,month-to-month,north,0
C01165,8,82.66,3,month-to-month,north,1
C01166,2,37.2,1,month-to-month,east,1
C01167,29,86.78,0,one-year,west,0
C01168,71,50.63,1,month-to-month,east,0
C01169,66,55.58,1,one-year,south,0
C01170,45,77.85,2,month-to-month,west,0
C01171,45,57.71,3,month-to-month,east,1
C01172,28,92.32,1,month-to-month,east,0
C01173,13,50.64,1,month-to-month,east,0
C01174,1,54.53,2,month-to-month,west,1
C01175,25,53.59,1,one-year,east,0
C01176,23,55.86,2,month-to-month,east,1
C01177,14,97.48,2,month-to-month,east,1
C01178,19,85.72,2,one-year,west,1
C01179,2,112.75,3,month-to-month,west,1
C01180,44,126.69,0,month-to-month,south,1
C01181,66,44.23,1,month-to-month,east,0
C01182,50,71.76,1,month-to-month,north,1
C01183,32,40.59,1,month-to-month,east,1
C01184,30,50.56,0,one-year,west,0
C01185,22,54.25,3,month-to-month,east,1
C01186,11,43.57,0,one-year,south,0
C01187,43,43.7,1,month-to-month,east,0
C01188,41,66.39,3,one-year,south,0
C01189,1,39.58,1,one-year,south,0
C01190,30,91.05,3,month-to-month,north,1
C01191,20,47.06,1,month-to-month,east,1
C01192,13,140.24,1,month-to-month,north,1
C01193,50,58.72,1,two-year,south,0
C01194,38,71.8,2,two-year,west,0
C01195,45,37.62,0,month-to-month,west,0
C01196,51,112.65,1,one-year,south,0
C01197,70,97.99,0,month-to-month,west,0
C01198,57,77.42,1,month-to-month,north,1
C01199,45,36.33,1,one-year,west,0
